board,function,label,esp32_gpio,net,interface
PCB-A,1-Wire,DS18B20,GPIO4,DS18B20_DATA,J2.2
PCB-A,humidity,DHT22,GPIO18,DHT22_DATA,J3.2
PCB-A,I2C data,I2C_SDA,GPIO21,I2C_SDA,U2.SDA / J9.2
PCB-A,I2C clock,I2C_SCL,GPIO22,I2C_SCL,U2.SCL / J9.3
PCB-A,RS485 receive,RS485_RX,GPIO16,RS485_RX,U3.RO
PCB-A,RS485 transmit,RS485_TX,GPIO17,RS485_TX,U3.DI
PCB-A,RS485 direction,RS485_DE_RE,GPIO23,RS485_DE_RE,U3.DE / U3./RE
PCB-A,output 1,OUT1,GPIO13,OUT1_CTRL,PCB-A J1.3 / PCB-B J1.3
PCB-A,output 2,OUT2,GPIO19,OUT2_CTRL,PCB-A J1.4 / PCB-B J1.4
PCB-A,output 3,OUT3,GPIO14,OUT3_CTRL,PCB-A J1.5 / PCB-B J1.5
PCB-A,output 4,OUT4,GPIO27,OUT4_CTRL,PCB-A J1.6 / PCB-B J1.6
PCB-A,output 5,OUT5,GPIO25,OUT5_CTRL,PCB-A J1.7 / PCB-B J1.7
PCB-A,output 6,OUT6,GPIO26,OUT6_CTRL,PCB-A J1.8 / PCB-B J1.8
PCB-A,output 7,OUT7,GPIO32,OUT7_CTRL,PCB-A J1.9 / PCB-B J1.9
PCB-A,output 8,OUT8,GPIO33,OUT8_CTRL,PCB-A J1.10 / PCB-B J1.10
PCB-A,status LED,STATUS,GPIO2,STATUS_LED,R7 1k / D2 to GND
PCB-B,power LED,PWR,,+12V_PROTECTED,R17 4.7k / D2 to GND
PCB-A,boot button,BOOT,GPIO0,BOOT_NET,SW2
PCB-A,reset button,RESET,EN,EN_NET,SW1
PCB-A,UART transmit,UART_TX,GPIO1,UART_TX,J4.3
PCB-A,UART receive,UART_RX,GPIO3,UART_RX,J4.4
PCB-A,analog input,A0,,A0_IN,J5.2 / U2.A0 via divider
PCB-A,analog input,A1,,A1_IN,J6.2 / U2.A1 via divider
PCB-A,analog input,A2,,A2_IN,J7.2 / U2.A2 via divider
PCB-A,analog input,A3,,A3_IN,J8.2 / U2.A3 via divider
